,Occupation,Subset,Mean,Census Occupation Codes,Census Occupation Titles,SOC code
0,accountant,0,5.7,0800,Accountants and auditors,13-2011 
1,actor,5,5.7,2700,Actors,27-2011
2,actor,5,5.7,2700,Actors,27-2011
3,actress,6,5.5,2700,Actors,27-2011
4,actress,6,5.5,2700,Actors,27-2011
5,actuary for an insurance company,3,5.0,1200,Actuaries,15-2011 
6,acupuncturist,1,4.5,3260,"Health diagnosing and treating practitioners, all other",29-1199 
7,addressing-machine operator,11,3.5,5850,"Mail clerks and mail machine operators, except postal service",43-9051
8,administrative assistant,2,4.8,5700,Secretaries and administrative assistants,43-6010 
9,advertising executive,2,5.4,0040,Advertising and promotions managers,11-2011
10,advertising salesman,11,4.1,4800,Advertising sales agents,41-3011
11,aerobics instructor,8,3.9,4620,Recreation and fitness workers,39-9030
12,aeronautical engineer,8,6.9,1320,Aerospace engineers,17-2011 
13,agricultural fruit inspector for insect control,9,5.2,6010,Agricultural inspectors,45-2011
14,agricultural research director,5,6.0,0360,Natural sciences managers,11-9121
15,agricultural research engineer,4,6.3,1330,Agricultural engineers,17-2021
16,aide on a land survey crew,1,3.7,1560,Surveying and mapping technicians,17-3031 
17,air conditioning mechanic,11,4.6,7315,"Heating, air conditioning, and refrigeration mechanics and installers",49-9021
18,air traffic controller,6,6.2,9040,Air traffic controllers and airfield operations specialists,53-2020 
19,aircraft electrician,2,5.7,7030,Avionics technicians,49-2091
20,aircraft riveter,6,4.6,7710,"Aircraft structure, surfaces, rigging, and systems assemblers",51-2011 
21,airline flight attendant,7,4.6,9050,Flight attendants,53-2031
22,airline flight engineer,3,6.2,9030,Aircraft pilots and flight engineers,53-2010
23,airline ground crew chief,8,4.8,9000,Supervisors of transportation and material moving workers,53-1000 
24,airline pilot,5,6.6,9030,Aircraft pilots and flight engineers,53-2010
25,airline refueler,6,4.6,,,
26,airline ticket agent,2,4.0,5410,Reservation and transportation ticket agents and travel clerks,43-4181
27,airplane mechanic,3,5.5,7140,Aircraft mechanics and service technicians,49-3011
28,airport security screener,12,4.4,3945,Transportation security screeners,33-9093
29,ambulance driver,8,4.6,9110,"Ambulance drivers and attendants, except emergency medical technicians",53-3011
30,animal shelter worker,10,4.1,4350,Nonfarm animal caretakers,39-2021
31,animal trapper,9,3.3,6110,Hunters and trappers,45-3021
32,animal-control officer,6,4.1,3900,Animal control workers,33-9011
33,apartment building manager,7,4.3,0410,"Property, real estate, and community association managers",11-9141
34,app designer,6,5.5,1020,"Software developers, applications and systems software",15-113X  
35,apprentice electrician,5,4.6,6355,Electricians,47-2111
36,apprentice plumber,12,4.3,6440,"Pipelayers, plumbers, pipefitters, and steamfitters",47-2150
37,apprentice sheet metalsmith,4,3.8,6520,Sheet metal workers,47-2211 
38,apprentice to a machinist,2,4.0,8030,Machinists,51-4041
39,apprentice to a master craftsman,8,4.1,,,
40,architect,6,6.7,1300,"Architects, except naval",17-1010 
41,army private,5,4.9,9820,Military enlisted tactical operations and air/weapons specialists and crew members,55-3010
42,artificial limb fitter,5,5.4,3535,Miscellaneous health technologists and technicians,29-2090
43,assembly line worker,0,3.7,7750,Miscellaneous assemblers and fabricators,51-2090
44,astronaut,4,7.4,9030,Aircraft pilots and flight engineers,53-2010
45,attendant in an ice-skating rink,9,2.6,4430,Miscellaneous entertainment attendants and related workers,39-3090 
46,auctioneer,2,3.9,4965,"Sales and related workers, all other",41-9099
47,author,10,6.3,2850,Writers and authors,27-3043
48,auto wrecker,3,3.2,7630,"Other installation, maintenance, and repair workers",49-909X
49,autobody repairer,7,4.3,7150,Automotive body and related repairers,49-3021
50,automobile dealer,10,4.3,4700,First-line supervisors of retail sales workers,41-1011
51,automobile mechanic,5,4.7,7200,Automotive service technicians and mechanics,49-3023
52,automobile painter,10,4.1,8810,Painting workers,51-9120
53,automobile repairman,6,4.6,7200,Automotive service technicians and mechanics,49-3023
54,automobile repairwoman,4,4.6,7200,Automotive service technicians and mechanics,49-3023
55,backhoe operator,9,4.3,9520,"Dredge, excavating, and loading machine operators",53-7030 
56,bail bond provider,10,4.2,0950,"Financial specialists, all other",13-2099 
57,bailing-machine operator,9,3.9,8430,"Extruding and forming machine setters, operators, and tenders, synthetic and glass fibers",51-6091
58,baker,11,4.6,7800,Bakers,51-3011
59,ballet dancer,9,4.9,2740,Dancers and choreographers,27-2030
60,bank examiner,9,5.3,0900,Financial examiners,13-2061 
61,bank teller,7,4.2,5160,Tellers,43-3071
62,banker,0,6.1,0120,Financial managers,11-3031
63,barber,0,4.0,4500,Barbers,39-5011
64,bartender,0,3.6,4040,Bartenders,35-3011
65,battery assembler,10,3.8,7750,Miscellaneous assemblers and fabricators,51-2090
66,beauty operator,12,4.0,4510,"Hairdressers, hairstylists, and cosmetologists",39-5012
67,beer maker,1,3.7,8640,"Chemical processing machine setters, operators, and tenders",51-9010
68,bell boy in a hotel,3,3.0,4530,"Baggage porters, bellhops, and concierges",39-6010
69,betting clerk,12,2.9,4400,Gaming services workers,39-3010
70,bicycle messenger,3,3.3,5510,Couriers and messengers,43-5021
71,bicycle repairer,10,3.3,7260,"Miscellaneous vehicle and mobile equipment mechanics, installers, and repairers",49-3090 
72,bill collector,2,3.0,5100,Bill and account collectors,43-3011
73,billing clerk,3,4.3,,,
74,billing-machine operator,4,4.2,,,
75,biologist,3,6.9,1610,Biological scientists,19-1020 
76,biomedical engineer,5,6.9,1340,Biomedical engineers,17-2031
77,blackjack dealer,1,2.9,4400,Gaming services workers,39-3010
78,black-top-machine operator,1,3.7,6300,"Paving, surfacing, and tamping equipment operators",47-2071 
79,blast furnace helper in a steel mill,3,3.5,8950,Helpers--production workers,51-9198
80,blasting powder carrier in a mine,3,3.7,6830,"Explosives workers, ordnance handling experts, and blasters",47-5031 
81,boardinghouse keeper,2,3.2,0340,Lodging managers,11-9081
82,boilermaker,4,3.9,6210,Boilermakers,47-2011 
83,bookbinding machine operator,7,3.6,8256,Print binding and finishing workers,51-5113 
84,bookkeeper,5,4.6,5120,"Bookkeeping, accounting, and auditing clerks",43-3031
85,boom operator at a marine loading dock,6,4.7,9510,Crane and tower operators,53-7021
86,border patrol agent,1,5.3,3850,Police and sheriff's patrol officers,33-3051
87,bottle capping machine operator,11,3.0,8800,Packaging and filling machine operators and tenders,51-9111
88,bottled-water delivery driver,11,3.1,9130,Driver/sales workers and truck drivers,53-3030
89,bottle-washing-machine operator,4,2.8,8860,"Cleaning, washing, and metal pickling equipment operators and tenders",51-9192
90,box-folding-machine operator,11,3.2,8930,"Paper goods machine setters, operators, and tenders",51-9196
91,branch manager of a bank,7,5.7,0120,Financial managers,11-3031
92,bricklayer,5,4.2,6220,"Brickmasons, blockmasons, and stonemasons",47-2020 
93,bridal consultant,1,3.7,4965,"Sales and related workers, all other",41-9099
94,bridge ironworker,5,4.8,6530,Structural iron and steel workers,47-2221
95,brokerage clerk,2,4.8,5200,Brokerage clerks,43-4011
96,budget examiner,6,4.9,0820,Budget analysts,13-2031 
97,building contractor,3,5.4,0220,Construction managers,11-9021
98,bulldozer mechanic,9,4.3,7220,Heavy vehicle and mobile equipment service technicians and mechanics,49-3040 
99,burglar alarm installer,5,4.1,7130,Security and fire alarm systems installers,49-2098
100,bus driver,0,3.9,9120,Bus drivers,53-3020
101,business entrepreneur,2,5.8,0010,Chief executives,11-1011
102,business services sales representative,10,4.5,4840,"Sales representatives, services, all other",41-3099
103,businessman,10,5.5,,,
104,butcher in a store,1,3.7,7810,"Butchers and other meat, poultry, and fish processing workers",51-3020
105,cabinet maker,3,4.4,8500,Cabinetmakers and bench carpenters,51-7011
106,cable tv installer,1,3.6,7420,Telecommunications line installers and repairers,49-9052
107,cafeteria supervisor,10,4.1,4010,First-line supervisors of food preparation and serving workers,35-1012
108,camp counselor,7,3.8,4620,Recreation and fitness workers,39-9030
109,campaign fundraiser,4,4.1,0726,Fundraisers,13-1131
110,canal barge pilot,9,4.8,9310,Ship and boat captains and operators,53-5020 
111,car alarm installer,4,3.5,7110,"Electronic equipment installers and repairers, motor vehicles",49-2096
112,car rental agent,1,3.0,4740,Counter and rental clerks,41-2021
113,cargo router,6,3.9,5500,Cargo and freight agents,43-5011
114,cargo supervisor for an airline,11,4.3,9000,Supervisors of transportation and material moving workers,53-1000 
115,carpenter's helper,5,3.3,6600,"Helpers, construction trades",47-3010
116,carpet cutter for a rug manufacturer,6,3.3,8400,"Textile cutting machine setters, operators, and tenders",51-6062
117,carpet cutter in a rug store,5,3.1,8710,Cutting workers,51-9030
118,carpet layer,9,3.5,6240,"Carpet, floor, and tile installers and finishers",47-2040 
119,car-tester for an automobile factory,1,4.3,8740,"Inspectors, testers, sorters, samplers, and weighers",51-9061
120,carwash attendant,10,2.9,9610,Cleaners of vehicles and equipment,53-7061
121,caseworker aide,8,4.5,2016,Social and human service assistants,21-1093
122,cash register repairman,12,3.8,7100,"Electrical and electronics repairers, industrial and utility",49-209X
123,cashier in a supermarket,11,3.4,4720,Cashiers,41-2010
124,cashier supervisor,8,3.8,4700,First-line supervisors of retail sales workers,41-1011
125,casino cashier,12,3.4,5130,Gaming cage workers,43-3041
126,casino manager,4,4.6,0330,Gaming managers,11-9071
127,casino slots supervisor,7,3.7,4300,First-line supervisors of gaming workers,39-1010
128,cattle brander,1,2.9,,,
129,cattle killer in a slaughtering plant,12,2.8,7810,"Butchers and other meat, poultry, and fish processing workers",51-3020
130,cattle rancher,12,4.8,0205,"Farmers, ranchers, and other agricultural managers",11-9013
131,cement finisher,10,4.1,6250,"Cement masons, concrete finishers, and terrazzo workers",47-2050 
132,ceramic-tile setter,8,3.6,6240,"Carpet, floor, and tile installers and finishers",47-2040 
133,cheese maker,4,3.6,7840,Food batchmakers,51-3092
134,chemical engineer,9,6.5,1350,Chemical engineers,17-2041 
135,chemical laboratory technician,1,5.5,1920,Chemical technicians,19-4031
136,chemist,8,6.7,1720,Chemists and materials scientists,19-2030 
137,chief technology officer,9,5.8,0110,Computer and information systems managers,11-3021
138,chiropractic assistant,10,5.1,3645,Medical assistants,31-9092
139,chiropractor,3,5.9,3000,Chiropractors,29-1011
140,cigarette-making machine operator,7,3.0,8720,"Extruding, forming, pressing, and compacting machine setters, operators, and tenders",51-9041
141,cinematographer,5,5.1,2920,"Television, video, and motion picture camera operators and editors",27-4030
142,city planning aide,5,5.2,1950,Social science research assistants,19-4061
143,civil engineer,11,6.4,1360,Civil engineers,17-2051 
144,claims clerk,7,4.1,5840,Insurance claims and policy processing clerks,43-9041
145,classified ad taker for a newspaper,10,3.5,5350,Order clerks,43-4151
146,cleaning woman in private homes,1,2.9,4230,Maids and housekeeping cleaners,37-2012
147,clergyman,12,5.8,2040,Clergy,21-2011
148,clerk in an office,12,3.8,5860,"Office clerks, general",43-9061 
149,clerk opening new accounts at bank,4,4.3,5340,New accounts clerks,43-4141
150,clinical audiologist,9,5.7,3140,Audiologists,29-1181
151,cloth dyer,5,2.9,8360,Textile bleaching and dyeing machine operators and tenders,51-6061
152,coal hauler operator,12,3.6,9730,Mine shuttle car operators,53-7111
153,coal miner,5,4.4,6840,Mining machine operators,47-5040
154,college admissions officer,7,5.1,0230,Education administrators,11-9030
155,college or university president,5,7.1,0010,Chief executives,11-1011
156,college professor,10,6.9,2200,Postsecondary teachers,25-1000
157,colonel in the army,1,6.7,9800,Military officer special and tactical operations leaders,55-1010
158,combination machine tool operator,4,4.0,,,
159,commercial artist,1,4.7,2600,Artists and related workers,27-1010 
160,commercial fisher,8,3.9,6100,Fishers and related fishing workers,45-3011
161,community organization worker,10,5.0,2025,"Miscellaneous community and social service specialists, including health educators and community health workers",21-109X
162,comparison shopper for a grocery store,3,3.5,4965,"Sales and related workers, all other",41-9099
163,computer hardware engineer,6,6.5,1400,Computer hardware engineers,17-2061 
164,computer helpdesk technician,10,4.7,1050,Computer support specialists,15-1150  
165,computer network engineer,1,5.8,,,
166,computer programmer,12,6.0,1010,Computer programmers,15-1131 
167,computer repairer,8,4.9,7010,"Computer, automated teller, and office machine repairers",49-2011
168,computer room supervisor for a business firm,6,5.3,5000,First-line supervisors of office and administrative support workers,43-1011 
169,computer scientist,11,6.4,1005,Computer and information research scientists,15-1111
170,computer security analyst,5,6.0,1007,Information security analysts,15-1122
171,computer software developer,7,6.0,1020,"Software developers, applications and systems software",15-113X  
172,computer systems analyst,4,6.2,1006,Computer systems analysts,15-1121 
173,computer tape librarian,1,4.1,1107,"Computer occupations, all other",15-1199
174,computer technician,2,5.4,1107,"Computer occupations, all other",15-1199
175,computing machine operator,3,4.8,5800,Computer operators,43-9011
176,construction foreman,1,5.1,6200,First-line supervisors of construction trades and extraction workers,47-1011
177,construction laborer,11,4.1,6260,Construction laborers,47-2061
178,construction riveter,9,4.3,6765,Miscellaneous construction and related workers,47-4090
179,conveyor-belt operator,4,3.2,9500,Conveyor operators and tenders,53-7011
180,cook in a private home,12,3.9,4020,Cooks,35-2010
181,cook in a restaurant,0,3.9,4020,Cooks,35-2010
182,copy editor,3,4.6,2830,Editors,27-3041
183,corporate financial analyst,8,5.6,0840,Financial analysts,13-2051 
184,corporate meeting planner,2,5.2,0725,"Meeting, convention, and event planners",13-1121 
185,corporate trainer,12,5.2,0650,Training and development specialists,13-1151
186,corrections officers supervisor,4,5.5,3700,First-line supervisors of correctional officers,33-1011
187,correspondence clerk,9,3.7,5210,Correspondence clerks,43-4021
188,cost analyst,5,5.4,0820,Budget analysts,13-2031 
189,cotton picker,11,2.5,,,
190,counter clerk in a auto parts store,3,3.4,4750,Parts salespersons,41-2022
191,counter clerk in a fast food place,2,2.8,4050,"Combined food preparation and serving workers, including fast food",35-3021
192,county agricultural agent,12,5.0,2550,"Other education, training, and library workers",25-90XX
193,county sheriff,5,5.9,3710,First-line supervisors of police and detectives,33-1012 
194,court bailiff,11,4.4,3800,"Bailiffs, correctional officers, and jailers",33-3010 
195,court clerk,10,5.0,5220,"Court, municipal, and license clerks",43-4031
196,court transcriber,8,4.8,2160,Miscellaneous legal support workers,23-2090
197,crane-crew supervisor at a port facility,1,4.9,9000,Supervisors of transportation and material moving workers,53-1000 
198,crating and moving estimator,8,3.6,0600,Cost estimators,13-1051
199,credit manager,5,4.9,0120,Financial managers,11-3031
200,credit risk analyst,7,5.1,0830,Credit analysts,13-2041 
201,credit-card record clerk for a department store,11,3.4,5230,"Credit authorizers, checkers, and clerks",43-4041
202,crop-duster pilot,2,4.5,9030,Aircraft pilots and flight engineers,53-2010
203,crude oil tester in a petroleum refinery,9,4.7,8740,"Inspectors, testers, sorters, samplers, and weighers",51-9061
204,crushing-machine operator,4,3.2,8650,"Crushing, grinding, polishing, mixing, and blending workers",51-9020
205,currency sorter in a bank,8,3.9,5165,"Financial clerks, all other",43-3099
206,custom seamstress,4,4.4,8350,"Tailors, dressmakers, and sewers",51-6050
207,customer-complaint clerk,1,3.6,5240,Customer service representatives,43-4051
208,customs inspector,2,4.9,3850,Police and sheriff's patrol officers,33-3051
209,cutting machine operator,6,3.5,8710,Cutting workers,51-9030
210,dairy scientist,2,5.5,1600,Agricultural and food scientists,19-1010
211,dairy technologist,10,5.0,1900,Agricultural and food science technicians,19-4011
212,data entry clerk,4,4.0,5810,Data entry keyers,43-9021
213,database security administrator,11,5.5,1060,Database administrators,15-1141 
214,day care aide,6,3.6,4600,Childcare workers,39-9011
215,day laborer,1,3.0,9620,"Laborers and freight, stock, and material movers, hand",53-7062
216,debt management counselor,11,4.8,0910,Credit counselors and loan officers,13-2070 
217,deck engineer on a ship,11,5.0,9330,Ship engineers,53-5031
218,deck officer on a commercial fishing boat,8,4.3,9310,Ship and boat captains and operators,53-5020 
219,deep-sea diver,10,5.0,7520,Commercial divers,49-9092
220,delicatessen counter clerk in a grocery store,3,3.5,4060,"Counter attendants, cafeteria, food concession, and coffee shop",35-3022
221,dental crown and bridge maker,6,5.3,8760,"Medical, dental, and ophthalmic laboratory technicians",51-9080
222,dental hygienist,2,5.3,3310,Dental hygienists,29-2021
223,dentist,4,6.7,3010,Dentists,29-1020 
224,dentist's attendant,2,4.8,3640,Dental assistants,31-9091
225,department head in a state government,0,6.6,0010,Chief executives,11-1011
226,desk clerk in a hotel,6,3.5,5300,"Hotel, motel, and resort desk clerks",43-4081
227,desktop publishing specialist,11,4.8,5830,Desktop publishers,43-9031
228,development technician in a factory,11,4.7,1550,"Engineering technicians, except drafters",17-3020 
229,dialysis technician,7,5.5,3540,Other healthcare practitioners and technical occupations,29-9000
230,die grinder,12,3.9,8210,"Tool grinders, filers, and sharpeners",51-4194
231,diesel motor mechanic,7,4.4,7210,Bus and truck mechanics and diesel engine specialists,49-3031
232,dietary technician,4,5.2,3420,Health practitioner support technologists and technicians,29-2050 
233,dietitian in a hospital,5,5.4,3030,Dietitians and nutritionists,29-1031
234,dirt shoveler in a mine,6,3.5,6930,Helpers--extraction workers,47-5081 
235,disc jockey,2,4.0,2800,Announcers,27-3010
236,dishwasher,9,2.8,4140,Dishwashers,35-9021
237,disposal plant operator,11,4.2,8620,Water and wastewater treatment plant and system operators,51-8031
238,ditch digger,12,2.7,6260,Construction laborers,47-2061
239,dog groomer,11,3.3,4350,Nonfarm animal caretakers,39-2021
240,donut machine operator,8,2.8,7850,Food cooking machine operators and tenders,51-3093
241,door fitter in an automobile production line,9,4.2,7750,Miscellaneous assemblers and fabricators,51-2090
242,door-to-door salesman,10,2.9,4950,"Door-to-door sales workers, news and street vendors, and related workers",41-9091
243,door-to-door salesman,10,2.9,4950,"Door-to-door sales workers, news and street vendors, and related workers",41-9091
244,dormitory counselor,6,3.9,4640,Residential advisors,39-9041
245,draftsman,9,4.8,1540,Drafters,17-3010 
246,drama therapist,11,4.4,3210,Recreational therapists,29-1125
247,drawbridge tender,12,3.6,9340,Bridge and lock tenders,53-6011
248,dredge operator,8,4.1,9520,"Dredge, excavating, and loading machine operators",53-7030 
249,drilling machine operator in a mine,4,4.1,6840,Mining machine operators,47-5040
250,drill-press operator,10,4.3,,,
251,driver's license examiner,10,4.1,0565,Compliance officers,13-1041
252,driving school teacher,7,4.2,2340,Other teachers and instructors,25-3000
253,drug or alcohol rehabilitation counselor,8,4.8,2000,Counselors,21-1010
254,druggist,7,5.8,3050,Pharmacists,29-1051
255,dry cleaner,8,3.0,8300,Laundry and dry-cleaning workers,51-6011
256,dynamite blaster,2,4.5,6830,"Explosives workers, ordnance handling experts, and blasters",47-5031 
257,economic research assistant,6,5.4,1950,Social science research assistants,19-4061
258,economist,12,6.0,1800,Economists,19-3011 
259,egg crate packer,7,2.6,9640,"Packers and packagers, hand",53-7064
260,eldercare aide,5,4.9,4610,Personal care aides,39-9021
261,electric motor repairer,11,4.2,7040,"Electric motor, power tool, and related repairers",49-2092
262,electric power lineman,6,5.2,7410,Electrical power-line installers and repairers,49-9051
263,electric power station attendant,1,4.2,7100,"Electrical and electronics repairers, industrial and utility",49-209X
264,electrical engineer,12,6.7,1410,Electrical and electronics engineers,17-2070 
265,electrical technician,10,5.3,1550,"Engineering technicians, except drafters",17-3020 
266,electrician,6,5.2,6355,Electricians,47-2111
267,electric-meter installer,10,4.2,7300,Control and valve installers and repairers,49-9010
268,electrolysis operator,1,3.9,4510,"Hairdressers, hairstylists, and cosmetologists",39-5012
269,elevator operator in a building,12,3.2,9750,"Material moving workers, all other",53-7199 
270,elevator repairer,7,4.3,6700,Elevator installers and repairers,47-4021 
271,elevator safety inspector,6,4.9,6660,Construction and building inspectors,47-4011
272,eligibility interviewer for a social welfare agency,3,5.0,5250,"Eligibility interviewers, government programs",43-4061 
273,embalmer,3,4.5,4460,Embalmers and funeral attendants,  39-40XX
274,emergency services coordinator,6,5.9,0425,Emergency management directors,11-9161
275,employee benefits director,11,5.2,0135,Compensation and benefits managers,11-3111  
276,employee benefits specialist,11,5.2,0640,"Compensation, benefits, and job analysis specialists",13-1141
277,employee development director,12,5.7,0137,Training and development managers,11-3131  
278,employment clerk,11,3.9,5360,"Human resources assistants, except payroll and timekeeping",43-4161 
279,engineer,8,6.6,1530,"Engineers, all other",17-2199 
280,engineering design manager,1,5.9,0300,Architectural and engineering managers,11-9041
281,engineer's aide,12,5.0,1550,"Engineering technicians, except drafters",17-3020 
282,enlisted man in the army,2,5.3,9820,Military enlisted tactical operations and air/weapons specialists and crew members,55-3010
283,envelope stuffer,5,2.5,5940,"Office and administrative support workers, all other",43-9199 
284,environmental compliance inspector,9,5.4,0565,Compliance officers,13-1041
285,environmental scientist,11,6.5,1740,Environmental scientists and geoscientists,19-2040 
286,equipment purchasing agent,8,4.4,0530,"Purchasing agents, except wholesale, retail, and farm products",13-1023 
287,event planner,3,4.5,0725,"Meeting, convention, and event planners",13-1121 
288,executive chef,2,5.7,4000,Chefs and head cooks,35-1011
289,exercise therapist,12,4.9,3235,Exercise physiologists,29-1128
290,faith healer,4,3.5,2060,"Religious workers, all other",21-2099 
291,farm foreman,7,4.7,6005,"First-line supervisors of farming, fishing, and forestry workers",45-1011  
292,farm laborer,3,3.5,,,
293,farm manager,1,5.0,0205,"Farmers, ranchers, and other agricultural managers",11-9013
294,farm owner and operator,0,5.2,0205,"Farmers, ranchers, and other agricultural managers",11-9013
295,farm produce buyer,3,4.6,0510,"Buyers and purchasing agents, farm products",13-1021 
296,fashion designer,3,5.4,2630,Designers,27-1020 
297,fashion model,6,5.3,4900,"Models, demonstrators, and product promoters",41-9010 
298,fax machine operator,11,3.2,5030,"Communications equipment operators, all other",43-2099
299,fence installer,7,3.3,6710,Fence erectors,47-4031 
300,fiber machine tender,6,3.7,8430,"Extruding and forming machine setters, operators, and tenders, synthetic and glass fibers",51-6091
301,file clerk,5,3.5,,,
302,filling station attendant,2,3.1,,,
303,film editor,4,5.2,2920,"Television, video, and motion picture camera operators and editors",27-4030
304,fingerprinter,7,3.9,1965,"Miscellaneous life, physical, and social science technicians",19-4090
305,fire alarm installer,6,4.5,7130,Security and fire alarm systems installers,49-2098
306,fire department lieutenant,6,6.2,3720,First-line supervisors of fire fighting and prevention workers,33-1021
307,fire inspector,9,5.5,3750,Fire inspectors,33-2020 
308,fireman,8,5.7,3740,Firefighters,33-2011
309,first aid nurse,10,5.6,3255,Registered nurses,29-1141
310,fitter in a shipyard,8,3.8,7740,Structural metal fabricators and fitters,51-2041 
311,floor refinisher,7,3.7,6240,"Carpet, floor, and tile installers and finishers",47-2040 
312,flour miller,3,3.2,8650,"Crushing, grinding, polishing, mixing, and blending workers",51-9020
313,foam machine operator,11,3.4,8810,Painting workers,51-9120
314,food processing worker,11,3.8,7855,"Food processing workers, all other",51-3099
315,foot doctor,8,6.3,3120,Podiatrists,29-1081
316,foreign language translator,11,5.5,2860,Miscellaneous media and communication workers,27-3090
317,foreman in a factory,6,4.9,7700,First-line supervisors of production and operating workers,51-1011
318,forester's aide,10,4.4,6120,Forest and conservation workers,45-4011
319,forge operator in a steel mill,7,4.1,7930,"Forging machine setters, operators, and tenders, metal and plastic",51-4022
320,fork-lift driver,8,3.8,9600,Industrial truck and tractor operators,53-7051
321,fortune teller,12,2.6,2760,"Entertainers and performers, sports and related workers, all other",27-2099
322,foundry equipment mechanic,12,4.4,7330,Industrial and refractory machinery mechanics,49-904X
323,freight checker,3,3.4,9410,Transportation inspectors,53-6051
324,freight elevator operator,1,3.2,9750,"Material moving workers, all other",53-7199 
325,freight shipping agent,7,4.3,5500,Cargo and freight agents,43-5011
326,funeral director,10,4.9,4465,"Morticians, undertakers, and funeral directors",39-4031
327,funeral home assistant,2,4.4,4460,Embalmers and funeral attendants,  39-40XX
328,funeral home director,2,5.5,0325,Funeral service managers,11-9061
329,furniture refinisher,4,3.9,8510,Furniture finishers,51-7021
330,game warden,5,4.9,3830,Fish and game wardens,33-3031
331,gang boss for a mining company,3,4.2,6200,First-line supervisors of construction trades and extraction workers,47-1011
332,garbage collector,9,3.8,9720,Refuse and recyclable material collectors,53-7081
333,gardener,6,3.5,,,
334,general contractor,2,5.0,0220,Construction managers,11-9021
335,general manager of a manufacturing plant,7,5.4,0020,General and operations managers,11-1021
336,general manager of a moving and storage company,8,3.8,0160,"Transportation, storage, and distribution managers",11-3071
337,geological technician,3,6.0,1930,Geological and petroleum technicians,19-4041
338,geologist,10,6.3,1740,Environmental scientists and geoscientists,19-2040 
339,gift wrapper in a department store,5,3.1,9640,"Packers and packagers, hand",53-7064
340,glass engraver,5,4.2,8910,Etchers and engravers,51-9194
341,government meat grader,8,4.3,6010,Agricultural inspectors,45-2011
342,grain farmer,11,4.9,0205,"Farmers, ranchers, and other agricultural managers",11-9013
343,grocery bagger,6,2.8,9640,"Packers and packagers, hand",53-7064
344,ground crew supervisor in a public park,11,3.9,4210,"First-line supervisors of landscaping, lawn service, and groundskeeping workers",37-1012
345,guidedog trainer,9,4.6,4340,Animal trainers,39-2011
346,hair stylist,11,3.8,4510,"Hairdressers, hairstylists, and cosmetologists",39-5012
347,hand lace maker,12,3.8,8460,"Textile, apparel, and furnishings workers, all other",51-6099
348,hazardous materials removal worker,8,4.8,6720,Hazardous materials removal workers,47-4041 
349,head cook,1,4.0,4000,Chefs and head cooks,35-1011
350,head usher,7,3.4,4420,"Ushers, lobby attendants, and ticket takers",39-3031
351,hearing aid technician,6,4.8,3535,Miscellaneous health technologists and technicians,29-2090
352,heat-sealing-machine operator,9,4.3,8150,"Heat treating equipment setters, operators, and tenders, metal and plastic",51-4191
353,heavy-equipment operator on a road construction job,3,4.5,6320,Operating engineers and other construction equipment operators,47-2073 
354,high school teacher,5,6.1,2320,Secondary school teachers,25-2030 
355,highway engineer,10,6.0,1360,Civil engineers,17-2051 
356,highway maintenance person,8,4.3,6730,Highway maintenance workers,47-4051 
357,hog raiser,4,3.5,,,
358,home improvement salesperson,4,3.7,4965,"Sales and related workers, all other",41-9099
359,home products demonstrator,5,3.4,4900,"Models, demonstrators, and product promoters",41-9010 
360,home refrigerator repairer,12,3.9,7320,Home appliance repairers,49-9031
361,home-care aide for the elderly,9,5.1,3600,"Nursing, psychiatric, and home health aides",31-1010
362,horse breaker,8,3.6,4340,Animal trainers,39-2011
363,horse breeder,1,4.3,6020,Animal breeders,45-2021 
364,horse stable attendant,7,3.1,,,
365,hospital administrator,3,6.6,0350,Medical and health services managers,11-9111
366,hospital administrator,3,6.6,0350,Medical and health services managers,11-9111
367,hospital attendant,10,4.6,3600,"Nursing, psychiatric, and home health aides",31-1010
368,hospital-admissions officer,4,5.6,0350,Medical and health services managers,11-9111
369,hotel chambermaid,12,2.8,4230,Maids and housekeeping cleaners,37-2012
370,house carpenter,6,4.6,6230,Carpenters,47-2031 
371,house painter,9,3.9,6420,"Painters, construction and maintenance",47-2141
372,house parent in institution,7,4.4,4640,Residential advisors,39-9041
373,housekeeper in a private home,0,3.5,4230,Maids and housekeeping cleaners,37-2012
374,houseparent in a state reformatory,3,4.0,3700,First-line supervisors of correctional officers,33-1011
375,human resources consultant,2,5.4,0630,Human resources workers,13-1070 
376,human services coordinator,1,4.8,0420,Social and community service managers,11-9151
377,importer,5,4.6,0520,"Wholesale and retail buyers, except farm products",13-1022 
378,income-tax preparer,9,5.1,0940,Tax preparers,13-2082
379,infantry unit leader,3,5.9,9810,First-line enlisted military supervisors,55-2010
380,information technology systems director,10,5.7,0110,Computer and information systems managers,11-3021
381,instructor in a school for the handicapped,6,5.6,2330,Special education teachers,25-2050 
382,insulation installer,8,3.7,6400,Insulation workers,47-2130
383,insurance agent,0,4.8,4810,Insurance sales agents,41-3021
384,insurance application evaluator,8,4.1,5840,Insurance claims and policy processing clerks,43-9041
385,insurance claims investigator,7,4.7,0540,"Claims adjusters, appraisers, examiners, and investigators",13-1030 
386,insurance policy information clerk,9,4.2,5840,Insurance claims and policy processing clerks,43-9041
387,insurance sales supervisor,9,4.8,4710,First-line supervisors of non-retail sales workers,41-1012
388,insurance underwriter,7,4.5,0860,Insurance underwriters,13-2053 
389,interior decorator,4,4.8,2630,Designers,27-1020 
390,irrigation pump installer,4,3.9,7630,"Other installation, maintenance, and repair workers",49-909X
391,janitor,0,3.0,4220,Janitors and building cleaners,37-201X
392,jazz musician,10,5.6,2750,"Musicians, singers, and related workers",27-2040
393,jewelry maker,5,4.5,8750,Jewelers and precious stone and metal workers,51-9071
394,jewelry repairman,4,4.3,8750,Jewelers and precious stone and metal workers,51-9071
395,job counselor,9,4.6,2000,Counselors,21-1010
396,journalist,4,5.5,2810,"News analysts, reporters and correspondents",27-3020
397,justice of a municipal court,5,6.9,2110,"Judges, magistrates, and other judicial workers",23-1020
398,key maker,11,3.1,7540,Locksmiths and safe repairers,49-9094
399,kitchen steward,5,3.7,4160,"Food preparation and serving related workers, all other",35-9099
400,laborer in a commercial fish hatchery,2,3.4,,,
401,landlord,9,4.7,0410,"Property, real estate, and community association managers",11-9141
402,lathe operator,1,3.9,8010,"Lathe and turning machine tool setters, operators, and tenders, metal and plastic",51-4034
403,laundress,9,3.3,8300,Laundry and dry-cleaning workers,51-6011
404,law clerk for judge,11,5.7,2105,Judicial law clerks,23-1012
405,lawn mower engine repairer,9,3.8,7240,Small engine mechanics,49-3050 
406,lawyer,0,6.4,2100,Lawyers,23-1011 
407,leaflet distributor,5,2.9,4965,"Sales and related workers, all other",41-9099
408,lens grinder,7,4.3,8760,"Medical, dental, and ophthalmic laboratory technicians",51-9080
409,library book shelver,7,3.2,5320,"Library assistants, clerical",43-4121
410,library circulation technician,1,3.9,2440,Library technicians,25-4031
411,licensed practical nurse,5,6.5,3500,Licensed practical and licensed vocational nurses,29-2061
412,life science taxonomist,8,4.8,1660,"Life scientists, all other",19-1099
413,lifeguard,12,4.1,3955,"Lifeguards and other recreational, and all other protective service workers",33-909X
414,lime kiln operator,10,4.1,8730,"Furnace, kiln, oven, drier, and kettle operators and tenders",51-9051
415,loan officer,10,4.5,0910,Credit counselors and loan officers,13-2070 
416,loan processor for a bank,8,4.9,5330,Loan interviewers and clerks,43-4131
417,lobbyist,7,4.2,2825,Public relations specialists,27-3031
418,local delivery truck driver,10,4.2,9130,Driver/sales workers and truck drivers,53-3030
419,local official of a labor union,11,4.5,0630,Human resources workers,13-1070 
420,locksmith,12,4.1,7540,Locksmiths and safe repairers,49-9094
421,locomotive electrician,3,5.5,7050,"Electrical and electronics installers and repairers, transportation equipment",49-2093
422,locomotive engineer,3,5.7,9200,Locomotive engineers and operators,53-4010 
423,locomotive repairman,8,4.9,7220,Heavy vehicle and mobile equipment service technicians and mechanics,49-3040 
424,logger,11,3.8,6130,Logging workers,45-4020
425,logistics planner,1,5.0,0700,Logisticians,13-1081 
426,longshoreman,11,3.8,9740,"Tank car, truck, and ship loaders",53-7121
427,loom fixer in a textile mill,1,3.7,7330,Industrial and refractory machinery mechanics,49-904X
428,loom operator,7,3.4,8410,"Textile knitting and weaving machine setters, operators, and tenders",51-6063
429,lost-and-found clerk in a department store,2,3.1,5240,Customer service representatives,43-4051
430,lumber stacker,12,3.0,6130,Logging workers,45-4020
431,lunchroom operator,8,3.4,0310,Food service managers,11-9051
432,machine assembler,7,3.9,7730,Engine and other machine assemblers,51-2031 
433,machine attendant in a factory,3,3.7,9630,Machine feeders and offbearers,53-7063
434,machine feeder in a manufacturing plant,4,3.3,9630,Machine feeders and offbearers,53-7063
435,machine oiler,3,3.4,7350,"Maintenance workers, machinery",49-9043
436,machine operator in a factory,5,4.3,8965,"Production workers, all other",51-9199
437,machine operator in a shoe factory,2,3.5,8340,Shoe machine operators and tenders,51-6042
438,machine operator in a textile mill,2,3.8,8460,"Textile, apparel, and furnishings workers, all other",51-6099
439,machine set-up man in a factory,3,4.1,8220,"Metal workers and plastic workers, all other",51-4199
440,machinist,3,4.4,8030,Machinists,51-4041
441,magazine editor,2,5.5,2830,Editors,27-3041
442,mailman,7,4.7,5550,Postal service mail carriers,43-5052
443,mail-order clerk,9,3.9,5350,Order clerks,43-4151
444,mailroom clerk for a private company,10,3.7,5850,"Mail clerks and mail machine operators, except postal service",43-9051
445,mailroom supervisor for a private company,9,4.2,5000,First-line supervisors of office and administrative support workers,43-1011 
446,maitre d',4,3.6,4150,"Hosts and hostesses, restaurant, lounge, and coffee shop",35-9031
447,management consultant,1,4.9,0710,Management analysts,13-1111 
448,manager,9,5.2,0020,General and operations managers,11-1021
449,manager for a fast food franchise,10,4.6,0310,Food service managers,11-9051
450,manager for a motel chain,12,5.0,0340,Lodging managers,11-9081
451,manager of a cement factory,3,4.5,0140,Industrial production managers,11-3051
452,manager of a commercial bakery,11,4.7,0140,Industrial production managers,11-3051
453,manager of a local tv station,12,5.8,0020,General and operations managers,11-1021
454,manager of a mail order house,10,4.2,0020,General and operations managers,11-1021
455,manager of a movie theater,1,3.6,0430,"Managers, all other",11-9199
456,manager of a pulp mill,2,4.1,0140,Industrial production managers,11-3051
457,manager of a real estate office,6,5.2,0410,"Property, real estate, and community association managers",11-9141
458,manager of a supermarket,0,4.9,0430,"Managers, all other",11-9199
459,manager of an automobile plant,9,5.5,0140,Industrial production managers,11-3051
460,manager of an escort service,12,3.3,0430,"Managers, all other",11-9199
461,manager of united way charity,10,5.5,0420,Social and community service managers,11-9151
462,manicurist,4,3.5,4520,Miscellaneous personal appearance workers,39-5090
463,manufacturer's representative,2,4.6,4850,"Sales representatives, wholesale and manufacturing",41-4010 
464,marine engineer,2,6.3,1440,Marine engineers and naval architects,17-2121 
465,market research interviewer,3,5.0,5310,"Interviewers, except eligibility and loan",43-4111
466,market research investigator,3,5.6,0735,Market research analysts and marketing specialists,13-1161
467,marketing representative for a manufacturing firm,3,5.2,0050,Marketing and sales managers,11-2020
468,massage therapist,9,4.3,3630,Massage therapists,31-9011
469,masseur,1,3.6,3630,Massage therapists,31-9011
470,masseuse,12,3.7,3630,Massage therapists,31-9011
471,material lister for a construction company,9,4.0,5600,"Production, planning, and expediting clerks",43-5061
472,mathematical engineering technician,3,6.2,1240,Miscellaneous mathematical science occupations,15-2090
473,mathematician,4,6.2,1210,Mathematicians,15-2021 
474,mayor of a large city,1,7.2,0010,Chief executives,11-1011
475,meat cutter in a meat cutting plant,2,3.6,7810,"Butchers and other meat, poultry, and fish processing workers",51-3020
476,meat grader,2,3.7,6040,"Graders and sorters, agricultural products",45-2041
477,mechanical engineer,4,6.6,1460,Mechanical engineers,17-2141 
478,mechanical trouble shooter,2,4.5,7340,"Maintenance and repair workers, general",49-9071
479,mechanic's helper,2,3.4,,,
480,medical technician,0,5.7,3300,Clinical laboratory technologists and technicians,29-2010
481,medical transcriber,11,4.9,3646,Medical transcriptionists,31-9094
482,medical-record librarian in a hospital,6,4.9,3510,Medical records and health information technicians,29-2071
483,member of a city council,1,5.6,0030,Legislators,11-1031
484,member of a rock band,11,4.1,2750,"Musicians, singers, and related workers",27-2040
485,member of the board of directors of a large corporation,3,6.9,0010,Chief executives,11-1011
486,merchandise buyer for a department store,6,4.5,0520,"Wholesale and retail buyers, except farm products",13-1022 
487,merchant seaman,7,4.5,9300,Sailors and marine oilers,53-5011
488,metal caster in a foundry,4,3.7,8040,"Metal furnace operators, tenders, pourers, and casters",51-4050
489,metal engraver,6,4.3,8910,Etchers and engravers,51-9194
490,metal plater,11,3.7,8200,"Plating and coating machine setters, operators, and tenders, metal and plastic",51-4193
491,metal solderer,8,3.9,8140,"Welding, soldering, and brazing workers",51-4120
492,metallurgical engineer,3,6.0,1450,Materials engineers,17-2131 
493,metal-stamping-machine operator,9,4.2,7950,"Cutting, punching, and press machine setters, operators, and tenders, metal and plastic",51-4031
494,meteorologist,7,5.9,1710,Atmospheric and space scientists,19-2021 
495,meter maid,7,3.2,3840,Parking enforcement workers,33-3041
496,meter reader for a gas or electric company,5,4.4,5530,"Meter readers, utilities",43-5041
497,midwife,11,5.0,3257,Nurse midwives,29-1161
498,migrant worker,5,2.7,,,
499,milk tester,11,3.7,8740,"Inspectors, testers, sorters, samplers, and weighers",51-9061
500,milliner,1,3.5,8460,"Textile, apparel, and furnishings workers, all other",51-6099
501,milling machine operator,1,3.8,8020,"Milling and planing machine setters, operators, and tenders, metal and plastic",51-4035
502,millwright,4,3.7,7360,Millwrights,49-9044
503,mining engineer,5,5.8,1500,"Mining and geological engineers, including mining safety engineers",17-2151 
504,minister,2,6.3,2040,Clergy,21-2011
505,mobile home installer,4,4.0,7550,Manufactured building and mobile home installers,49-9095
506,mobile home park manager,8,3.3,0410,"Property, real estate, and community association managers",11-9141
507,mold maker in foundry,2,4.0,8100,"Molders and molding machine setters, operators, and tenders, metal and plastic",51-4070
508,molding machine operator,3,4.0,8100,"Molders and molding machine setters, operators, and tenders, metal and plastic",51-4070
509,motel owner,1,4.9,0340,Lodging managers,11-9081
510,motion picture projectionist,6,4.1,4410,Motion picture projectionists,39-3021
511,museum curator,8,5.3,2400,"Archivists, curators, and museum technicians",25-4010
512,museum security chief,7,4.2,3730,"First-line supervisors of protective service workers, all other",33-1099
513,musician in a symphony orchestra,0,5.6,2750,"Musicians, singers, and related workers",27-2040
514,my own occupation,4,5.4,,,
515,mystery shopper,3,2.9,0740,"Business operations specialists, all other",13-1199 
516,narcotics investigator,12,5.6,3820,Detectives and criminal investigators,33-3021
517,natural childbirth and infant care instructor,8,4.9,3540,Other healthcare practitioners and technical occupations,29-9000
518,network administrator,12,5.8,1105,Network and computer systems administrators,15-1142  
519,network support technician,9,5.0,1050,Computer support specialists,15-1150  
520,newspaper peddler,9,2.9,4950,"Door-to-door sales workers, news and street vendors, and related workers",41-9091
521,newspaper proofreader,4,4.5,5910,Proofreaders and copy markers,43-9081
522,nuclear plant operator,9,6.3,8600,"Power plant operators, distributors, and dispatchers",51-8010
523,nuclear technician,4,7.0,1940,Nuclear technicians,19-4051
524,nurse anesthetist,1,6.4,3256,Nurse anesthetists,29-1151
525,nurse practitioner,12,6.6,3258,Nurse practitioners,29-1171
526,nursery school teacher,4,5.3,2300,Preschool and kindergarten teachers,25-2010 
527,nut roaster,3,2.9,7830,"Food and tobacco roasting, baking, and drying machine operators and tenders",51-3091
528,obstetrician/gynecologist,9,7.0,3060,Physicians and surgeons,29-1060 
529,occupational rehabilitation aide,8,5.1,3610,Occupational therapy assistants and aides,31-2010
530,occupational therapist,3,5.9,3150,Occupational therapists,29-1122
531,office helper for a hospital,1,4.3,5860,"Office clerks, general",43-9061 
532,office supervisor,7,5.0,5000,First-line supervisors of office and administrative support workers,43-1011 
533,office systems analyst,12,5.2,0710,Management analysts,13-1111 
534,oil exploration engineer,7,6.0,1520,Petroleum engineers,17-2171 
535,oil refining equipment operator,12,4.9,8630,Miscellaneous plant and system operators,51-8090
536,oil rig worker,12,4.6,6920,"Roustabouts, oil and gas",47-5071 
537,oil well pumper,10,4.4,9650,Pumping station operators,53-7070 
538,oil-well driller,11,5.1,6800,"Derrick, rotary drill, and service unit operators, oil, gas, and mining",47-5010 
539,operations analyst,2,5.1,1220,Operations research analysts,15-2031 
540,optician,7,5.8,3520,"Opticians, dispensing",29-2081
541,optometrist,6,6.6,3040,Optometrists,29-1041
542,orange grove picker,10,3.2,,,
543,orange grower,9,4.6,0205,"Farmers, ranchers, and other agricultural managers",11-9013
544,order expediter for a wholesale business,8,4.5,5600,"Production, planning, and expediting clerks",43-5061
545,ore train motorman,1,3.7,9150,"Motor vehicle operators, all other",53-3099 
546,organizer for a religious crusade,3,4.0,2050,"Directors, religious activities and education",21-2021
547,orthopedic brace maker,8,5.3,8760,"Medical, dental, and ophthalmic laboratory technicians",51-9080
548,owner of a bowling alley,4,4.5,4320,First-line supervisors of personal service workers,39-1021 
549,owner of a check cashing service,6,4.0,0120,Financial managers,11-3031
550,owner of a computer software company,4,6.2,0010,Chief executives,11-1011
551,owner of a day care center,6,4.9,0230,Education administrators,11-9030
552,owner of a filling station and garage,12,4.8,9000,Supervisors of transportation and material moving workers,53-1000 
553,owner of a local bus company,7,5.1,0160,"Transportation, storage, and distribution managers",11-3071
554,owner of a local radio station,11,5.0,0020,General and operations managers,11-1021
555,owner of a mail order house,6,4.4,0020,General and operations managers,11-1021
556,owner of a manufacturing plant,10,6.3,0140,Industrial production managers,11-3051
557,owner of an apparel factory,12,5.6,0140,Industrial production managers,11-3051
558,owner of an art gallery,9,5.5,2400,"Archivists, curators, and museum technicians",25-4010
559,owner-operator of a printing shop,11,4.8,0430,"Managers, all other",11-9199
560,oxygen therapist,5,5.9,3220,Respiratory therapists,29-1126
561,packer in a wholesale vegetable market,8,3.1,9640,"Packers and packagers, hand",53-7064
562,paid campaign staff member,4,4.3,0740,"Business operations specialists, all other",13-1199 
563,panhandler,5,2.1,,,
564,paper embossing machine operator,10,4.1,8930,"Paper goods machine setters, operators, and tenders",51-9196
565,paper tester in a pulp mill,10,3.7,8740,"Inspectors, testers, sorters, samplers, and weighers",51-9061
566,paperhanger,10,3.5,6430,Paperhangers,47-2142
567,paper-making machine tender,12,3.7,8930,"Paper goods machine setters, operators, and tenders",51-9196
568,para-legal,6,5.1,2145,Paralegals and legal assistants,23-2011
569,paramedic,4,6.0,3400,Emergency medical technicians and paramedics,29-2041
570,park superintendent,8,4.6,0020,General and operations managers,11-1021
571,parking enforcement officer,8,3.4,3840,Parking enforcement workers,33-3041
572,parking lot attendant,1,2.4,9350,Parking lot attendants,53-6021
573,parole officer,7,4.8,2015,Probation officers and correctional treatment specialists,21-1092
574,party caterer,7,3.9,4120,"Food servers, nonrestaurant",35-3041
575,passenger service representative,12,3.9,5240,Customer service representatives,43-4051
576,pathology technician,2,5.9,3300,Clinical laboratory technologists and technicians,29-2010
577,pattern maker in a metal shop,5,4.9,8060,"Model makers and patternmakers, metal and plastic",51-4060
578,payroll clerk,6,4.3,5140,Payroll and timekeeping clerks,43-3051
579,payroll supervisor,8,4.7,5000,First-line supervisors of office and administrative support workers,43-1011 
580,pedicab operator,7,3.3,,,
581,personal financial planner,6,6.0,0850,Personal financial advisors,13-2052 
582,personnel director,8,5.2,0136,Human resources managers,11-3121  
583,personnel recruiter,10,4.4,0630,Human resources workers,13-1070 
584,pharmaceutical representative,3,5.7,4850,"Sales representatives, wholesale and manufacturing",41-4010 
585,pharmacist,8,6.7,3050,Pharmacists,29-1051
586,pharmacist technician,3,5.6,3420,Health practitioner support technologists and technicians,29-2050 
587,photo-booth operator,2,3.1,4740,Counter and rental clerks,41-2021
588,photocopying-machine operator,3,3.3,5900,"Office machine operators, except computer", 43-9071
589,photoengraver,4,3.8,8250,Prepress technicians and workers,51-5111
590,photograph developer,2,3.9,8830,Photographic process workers and processing machine operators,51-9151
591,photographer,2,4.8,2910,Photographers,27-4021
592,physical therapist,4,6.2,3160,Physical therapists,29-1123 
593,physical therapy assistant,11,5.4,3620,Physical therapist assistants and aides,31-2020
594,physician,11,7.6,3060,Physicians and surgeons,29-1060 
595,physician's assistant,1,6.0,3110,Physician assistants,29-1071
596,physicist,6,6.9,1700,Astronomers and physicists,19-2010 
597,piano tuner,8,3.7,7430,Precision instrument and equipment repairers,49-9060
598,pile-driver operator,3,3.9,6310,Pile-driver operators,47-2072 
599,pill machine operator in a pharmaceutical plant,6,4.4,8965,"Production workers, all other",51-9199
600,plaster mold maker,8,3.3,8920,"Molders, shapers, and casters, except metal and plastic",51-9195
601,plasterer,1,3.3,6460,Plasterers and stucco masons,47-2161
602,playground director,5,4.2,4320,First-line supervisors of personal service workers,39-1021 
603,playground monitor,11,3.2,3955,"Lifeguards and other recreational, and all other protective service workers",33-909X
604,plumber,11,4.7,6440,"Pipelayers, plumbers, pipefitters, and steamfitters",47-2150
605,podiatrist,2,6.1,3120,Podiatrists,29-1081
606,poker room supervisor,6,3.3,4300,First-line supervisors of gaming workers,39-1010
607,pole climber for a telephone company,5,4.3,7410,Electrical power-line installers and repairers,49-9051
608,police lieutenant,4,6.4,3710,First-line supervisors of police and detectives,33-1012 
609,police officer,3,5.9,3850,Police and sheriff's patrol officers,33-3051
610,policeman,4,6.0,3850,Police and sheriff's patrol officers,33-3051
611,pollution control engineer,7,5.8,1420,Environmental engineers,17-2081 
612,post office clerk,6,4.6,5540,Postal service clerks,43-5051
613,post office mail sorter,8,4.0,5560,"Postal service mail sorters, processors, and processing machine operators",43-5053 
614,postmaster,5,5.8,0400,Postmasters and mail superintendents,11-9131
615,potato chip fryer,9,2.9,7850,Food cooking machine operators and tenders,51-3093
616,potato-chip-sacking-machine operator,9,3.0,8800,Packaging and filling machine operators and tenders,51-9111
617,poultry raiser,12,4.0,,,
618,power crane operator,5,4.9,9510,Crane and tower operators,53-7021
619,power plant operator,8,5.2,8600,"Power plant operators, distributors, and dispatchers",51-8010
620,preparer of clothing patterns,10,4.3,8440,Fabric and apparel patternmakers,51-6092
621,prescription clerk,12,4.5,3647,Pharmacy aides,31-9095
622,priest,1,6.3,2040,Clergy,21-2011
623,printing press operator,6,4.0,8255,Printing press operators,51-5112 
624,prison guard,10,4.2,3800,"Bailiffs, correctional officers, and jailers",33-3010 
625,private detective,7,5.0,3910,Private detectives and investigators,33-9021
626,professional athlete,8,6.2,2720,"Athletes, coaches, umpires, and related workers",27-2020
627,professional babysitter,5,4.2,4600,Childcare workers,39-9011
628,professionally trained forester,4,4.6,1640,Conservation scientists and foresters,19-1030 
629,professionally trained health therapist,7,5.9,3245,"Therapists, all other",29-1129
630,professionally trained librarian,10,5.4,2430,Librarians,25-4021
631,professor of biology in a college or university,2,6.9,2200,Postsecondary teachers,25-1000
632,professor of business administration in a college or university,12,6.9,2200,Postsecondary teachers,25-1000
633,professor of english in a college or university,1,6.3,2200,Postsecondary teachers,25-1000
634,professor of history in a college or university,9,6.5,2200,Postsecondary teachers,25-1000
635,professor of physics in a college or university,11,7.2,2200,Postsecondary teachers,25-1000
636,professor of psychology in a college or university,3,7.0,2200,Postsecondary teachers,25-1000
637,proprietor of a shoe repair shop,1,3.9,8330,Shoe and leather workers and repairers,51-6041
638,prosthetic aide,3,4.9,,,
639,psychiatrist,12,6.6,3060,Physicians and surgeons,29-1060 
640,psychologist,2,6.4,1820,Psychologists,19-3030 
641,public grade school teacher,0,5.8,2310,Elementary and middle school teachers,25-2020 
642,public health analyst,5,6.0,1650,Medical scientists,19-1040 
643,public health educator in a clinic,9,5.9,2025,"Miscellaneous community and social service specialists, including health educators and community health workers",21-109X
644,public opinion pollster,1,3.9,1815,Survey researchers,19-3022 
645,public relations director,8,5.1,0060,Public relations and fundraising managers,11-2031
646,public relations specialist,8,5.1,2825,Public relations specialists,27-3031
647,public safety director,7,5.3,0425,Emergency management directors,11-9161
648,public-address announcer at a train station,3,3.4,2800,Announcers,27-3010
649,pump operator,11,3.4,9650,Pumping station operators,53-7070 
650,pump-house engineer,9,4.9,8610,Stationary engineers and boiler operators,51-8021
651,purchasing clerk,1,3.9,5150,Procurement clerks,43-3061
652,purchasing manager for a business,4,5.0,0150,Purchasing managers,11-3061
653,pushcart vendor,11,2.8,4950,"Door-to-door sales workers, news and street vendors, and related workers",41-9091
654,quality checker in a manufacturing plant,3,4.7,8740,"Inspectors, testers, sorters, samplers, and weighers",51-9061
655,quality control engineer,1,6.0,1430,"Industrial engineers, including health and safety",17-2110 
656,radiation control engineer in a power plant,6,6.3,1510,Nuclear engineers,17-2161 
657,radiation therapist,10,6.2,3200,Radiation therapists,29-1124
658,radio operator,12,4.5,2900,Broadcast and sound engineering technicians and radio operators,27-4010
659,radio tester,10,3.8,7020,Radio and telecommunications equipment installers and repairers,49-2020
660,rail track repairer,9,4.4,6740,Rail-track laying and maintenance equipment operators,47-4061 
661,railroad conductor,6,5.1,9240,Railroad conductors and yardmasters,53-4031 
662,railroad detective,9,4.8,3860,Transit and railroad police,33-3052 
663,railroad signal mechanic,5,4.9,7600,Signal and track switch repairers,49-9097
664,railroad signal-tower operator,4,4.4,9230,"Railroad brake, signal, and switch operators",53-4021
665,railroad switchman,5,4.8,9230,"Railroad brake, signal, and switch operators",53-4021
666,railroad ticket agent,1,3.4,5410,Reservation and transportation ticket agents and travel clerks,43-4181
667,railway equipment operator,3,4.8,9260,"Subway, streetcar, and other rail transportation workers",53-40XX
668,real estate agent,7,4.9,4920,Real estate brokers and sales agents,41-9020
669,real estate appraiser,5,5.4,0810,Appraisers and assessors of real estate,13-2021 
670,rebar (reinforcing iron bar) worker,4,3.9,6500,Reinforcing iron and rebar workers,47-2171 
671,receptionist,12,4.1,5400,Receptionists and information clerks,43-4171
672,record keeper,4,4.4,,,
673,refrigerating machine operator,1,3.8,8900,Cooling and freezing equipment operators and tenders,51-9193
674,regional manager for a bus company,5,5.1,0160,"Transportation, storage, and distribution managers",11-3071
675,registered nurse,9,6.5,3255,Registered nurses,29-1141
676,resource management director,12,5.6,0100,Administrative services managers,11-3011
677,restaurant critic for a newspaper,5,4.6,2810,"News analysts, reporters and correspondents",27-3020
678,restaurant hostess,3,3.7,4150,"Hosts and hostesses, restaurant, lounge, and coffee shop",35-9031
679,restaurant owner,11,5.2,0310,Food service managers,11-9051
680,rolling mill operator in a metal shop,8,4.0,7940,"Rolling machine setters, operators, and tenders, metal and plastic",51-4023
681,roof bolter in mine,11,4.0,6910,"Roof bolters, mining",47-5061 
682,roofer,2,3.9,6515,Roofers,47-2181 
683,rubber mold maker,9,3.8,8920,"Molders, shapers, and casters, except metal and plastic",51-9195
684,rubber-stamp maker,8,2.8,8720,"Extruding, forming, pressing, and compacting machine setters, operators, and tenders",51-9041
685,rv (recreational vehicle) mechanic,11,4.2,7260,"Miscellaneous vehicle and mobile equipment mechanics, installers, and repairers",49-3090 
686,sailor in navy,6,5.8,9830,"Military, rank not specified",none
687,salad maker in a hotel kitchen,1,2.7,4030,Food preparation workers,35-2021
688,sales clerk in a store,5,3.7,4760,Retail salespersons,41-2031
689,sales engineer,8,5.1,4930,Sales engineers,41-9031
690,salesperson in a furniture store,7,3.6,4760,Retail salespersons,41-2031
691,salesperson in a hardware store,8,3.3,4760,Retail salespersons,41-2031
692,salesperson in a shoe store,10,3.3,4760,Retail salespersons,41-2031
693,salesperson in a store,9,3.9,4760,Retail salespersons,41-2031
694,salesperson in an appliance store,4,3.5,4760,Retail salespersons,41-2031
695,saloonkeeper,9,3.6,0310,Food service managers,11-9051
696,sample collector in a chemical plant,2,4.6,8740,"Inspectors, testers, sorters, samplers, and weighers",51-9061
697,sample collector in a pulp mill,12,3.5,8740,"Inspectors, testers, sorters, samplers, and weighers",51-9061
698,sandfill operator in a mine,1,3.6,6940,Other extraction workers,47-50XX
699,satellite communications operator,6,5.5,2960,"Media and communication equipment workers, all other",27-4099
700,sausage mixer,5,3.4,7840,Food batchmakers,51-3092
701,saw sharpener,11,3.1,8000,"Grinding, lapping, polishing, and buffing machine tool setters, operators, and tenders, metal and plastic",51-4033
702,scaffold builder,10,3.8,6765,Miscellaneous construction and related workers,47-4090
703,scale attendant,10,3.7,5630,"Weighers, measurers, checkers, and samplers, recordkeeping",43-5111 
704,school counselor,10,5.8,2000,Counselors,21-1010
705,school principal,4,6.5,0230,Education administrators,11-9030
706,school superintendent,5,6.2,0230,Education administrators,11-9030
707,school-crossing guard,9,4.1,3940,Crossing guards,33-9091
708,scrap sorter in a shoe factory,7,3.0,8965,"Production workers, all other",51-9199
709,secret service agent,5,6.7,3850,Police and sheriff's patrol officers,33-3051
710,secretary,0,4.6,5700,Secretaries and administrative assistants,43-6010 
711,security guard in a bank,8,3.7,3930,Security guards and gaming surveillance officers,33-9030 
712,seed analyst,11,4.2,1900,Agricultural and food science technicians,19-4011
713,seismic observer of earthquakes,2,6.3,1930,Geological and petroleum technicians,19-4041
714,semiconductor assembler,12,4.1,8840,Semiconductor processors,51-9141
715,semi-skilled worker,9,4.0,,,
716,septic tank cleaner,10,3.4,6750,Septic tank servicers and sewer pipe cleaners,47-4071 
717,sergeant,2,5.9,9810,First-line enlisted military supervisors,55-2010
718,service station manager,10,4.4,9000,Supervisors of transportation and material moving workers,53-1000 
719,sewing machine assembler,7,3.4,7720,"Electrical, electronics, and electromechanical assemblers",51-2020 
720,sewing machine operator,11,3.6,8320,Sewing machine operators,51-6031
721,sheet-metal duct installer,3,3.8,6520,Sheet metal workers,47-2211 
722,sheet-rock installer,4,3.8,6330,"Drywall installers, ceiling tile installers, and tapers",47-2080
723,shelf stocker in a grocery store,1,2.8,5620,Stock clerks and order fillers,43-5081
724,ship fitter apprentice,5,4.2,8160,"Layout workers, metal and plastic",51-4192
725,ship steward,5,4.4,9415,"Transportation attendants, except flight attendants",53-6061
726,shipping clerk,10,3.9,5610,"Shipping, receiving, and traffic clerks",43-5071
727,ship's captain,10,6.1,9310,Ship and boat captains and operators,53-5020 
728,shoemaker,12,3.7,8330,Shoe and leather workers and repairers,51-6041
729,shoeshiner,9,2.6,,,
730,short-order cook,11,3.3,4020,Cooks,35-2010
731,sightseeing guide,4,3.5,4540,Tour and travel guides,39-7010
732,sign painter,1,3.3,8810,Painting workers,51-9120
733,skilled craftsman in a factory,11,4.9,,,
734,skilled craftsman in a metalworking shop,2,4.9,8220,"Metal workers and plastic workers, all other",51-4199
735,skip-hoist operator,7,3.6,9560,Hoist and winch operators,53-7041 
736,skycap,2,3.7,4530,"Baggage porters, bellhops, and concierges",39-6010
737,slot machines operations director,3,3.9,0330,Gaming managers,11-9071
738,social scientist,5,6.2,1860,Miscellaneous social scientists and related workers,19-3090
739,social security administrator,4,5.7,0100,Administrative services managers,11-3011
740,social worker,11,5.3,2010,Social workers,21-1020
741,sociologist,3,6.1,1830,Sociologists,19-3041 
742,soda jerk,4,2.3,4060,"Counter attendants, cafeteria, food concession, and coffee shop",35-3022
743,solar panel installer,6,4.4,6540,Solar photovoltaic installers,47-2231
744,soldier,7,6.1,9830,"Military, rank not specified",none
745,sound mixer in a television station,1,4.5,2900,Broadcast and sound engineering technicians and radio operators,27-4010
746,special education teacher,12,6.0,2330,Special education teachers,25-2050 
747,speech therapist,6,5.7,3230,Speech-language pathologists,29-1127
748,spotlight operator,7,3.3,2960,"Media and communication equipment workers, all other",27-4099
749,spray painter in a manufacturing plant,12,3.7,8810,Painting workers,51-9120
750,stapling-machine operator in a furniture factory,7,3.3,8540,"Woodworking machine setters, operators, and tenders, except sawing",51-7042
751,statistical clerk,12,4.2,5920,Statistical assistants,43-9111
752,statistician,5,5.4,1230,Statisticians,15-2041 
753,steam boiler fireman,10,4.7,8610,Stationary engineers and boiler operators,51-8021
754,steam cleaner for a used car lot,9,3.0,9610,Cleaners of vehicles and equipment,53-7061
755,steam presser in a garment factory,10,3.6,8310,"Pressers, textile, garment, and related materials",51-6021
756,steam-shovel operator,2,4.3,6320,Operating engineers and other construction equipment operators,47-2073 
757,steel rigger on a construction job,1,4.5,7560,Riggers,49-9096
758,steel temperer,10,4.3,8150,"Heat treating equipment setters, operators, and tenders, metal and plastic",51-4191
759,stencil cutter,6,3.3,8060,"Model makers and patternmakers, metal and plastic",51-4060
760,stenographer,7,4.3,2160,Miscellaneous legal support workers,23-2090
761,stock and bond salesman,12,5.6,4820,"Securities, commodities, and financial services sales agents",41-3031
762,stock taker in a department store,11,3.4,5620,Stock clerks and order fillers,43-5081
763,stockroom attendant,12,3.0,5620,Stock clerks and order fillers,43-5081
764,stockroom manager,6,4.0,0160,"Transportation, storage, and distribution managers",11-3071
765,street corner drug dealer,3,1.9,,,
766,street sweeper,12,3.0,9620,"Laborers and freight, stock, and material movers, hand",53-7062
767,street-sweeper operator,2,3.3,9150,"Motor vehicle operators, all other",53-3099 
768,student admissions clerk,5,4.4,5420,"Information and record clerks, all other",43-4199 
769,subway operator,2,4.0,9260,"Subway, streetcar, and other rail transportation workers",53-40XX
770,superintendent of a construction job,2,5.2,6200,First-line supervisors of construction trades and extraction workers,47-1011
771,supervisor in a auto repair shop,7,4.5,7000,"First-line supervisors of mechanics, installers, and repairers",49-1011
772,supervisor in a logging operation,6,5.0,6005,"First-line supervisors of farming, fishing, and forestry workers",45-1011  
773,supervisor in a machine shop,5,5.1,7700,First-line supervisors of production and operating workers,51-1011
774,supervisor of a branch telephone exchange,10,4.3,5000,First-line supervisors of office and administrative support workers,43-1011 
775,supervisor of a janitorial service,10,4.0,4200,First-line supervisors of housekeeping and janitorial workers,37-1011
776,supervisor of a truck delivery service,9,4.7,9000,Supervisors of transportation and material moving workers,53-1000 
777,supervisor of skilled craftsmen,6,5.2,,,
778,surgeon,10,7.7,3060,Physicians and surgeons,29-1060 
779,surveyor,7,4.6,1310,"Surveyors, cartographers, and photogrammetrists",17-1020 
780,swap meet vendor,12,2.8,4950,"Door-to-door sales workers, news and street vendors, and related workers",41-9091
781,table clearer in a restaurant,8,2.3,4130,Dining room and cafeteria attendants and bartender helpers,35-9011
782,tailor,3,4.4,8350,"Tailors, dressmakers, and sewers",51-6050
783,tank crew member,4,4.1,9820,Military enlisted tactical operations and air/weapons specialists and crew members,55-3010
784,tax collector,8,4.1,0930,"Tax examiners and collectors, and revenue agents",13-2081 
785,taxicab driver,12,3.2,9140,Taxi drivers and chauffeurs,53-3041
786,teacher's aide in an elementary school,11,4.9,2540,Teacher assistants,25-9041 
787,technician,6,5.1,1965,"Miscellaneous life, physical, and social science technicians",19-4090
788,technician drawing blood,2,5.1,3649,Phlebotomists,31-9097
789,telegraph operator,1,3.8,5030,"Communications equipment operators, all other",43-2099
790,telephone installer,9,4.3,7020,Radio and telecommunications equipment installers and repairers,49-2020
791,telephone operator,12,3.6,5020,Telephone operators,43-2021
792,telephone solicitor,0,2.5,4940,Telemarketers,41-9041
793,telephone-answering-service operator,11,3.1,5010,"Switchboard operators, including answering service",43-2011
794,temporary clerk in an office,2,2.9,5860,"Office clerks, general",43-9061 
795,tenant farmer,10,3.9,0205,"Farmers, ranchers, and other agricultural managers",11-9013
796,termite exterminator,2,3.9,4240,Pest control workers,37-2021
797,theater usher,8,2.6,4420,"Ushers, lobby attendants, and ticket takers",39-3031
798,theatrical agent,2,4.6,0500,"Agents and business managers of artists, performers, and athletes",13-1011 
799,timber buyer for a pulp mill,4,4.1,0510,"Buyers and purchasing agents, farm products",13-1021 
800,time-motion analyst,2,4.9,0710,Management analysts,13-1111 
801,tire retreader,1,2.8,8940,Tire builders,51-9197
802,tire-mold engraver,2,3.5,8940,Tire builders,51-9197
803,toll bridge collector,12,3.3,4720,Cashiers,41-2010
804,tombstone carver,7,3.9,8920,"Molders, shapers, and casters, except metal and plastic",51-9195
805,tool and die maker,7,4.1,8130,Tool and die makers,51-4111
806,tool programmer in a manufacturing plant,6,5.1,7900,Computer control programmers and operators,51-4010
807,tool sharpener,1,2.8,8210,"Tool grinders, filers, and sharpeners",51-4194
808,toolroom helper in a chain saw factory,4,3.1,8950,Helpers--production workers,51-9198
809,toy manufacturer,1,4.4,0140,Industrial production managers,11-3051
810,trailer truck driver,9,4.4,9130,Driver/sales workers and truck drivers,53-3030
811,train attendant,4,4.2,9415,"Transportation attendants, except flight attendants",53-6061
812,transit authority police,10,5.0,3860,Transit and railroad police,33-3052 
813,trash hauler,10,3.6,9720,Refuse and recyclable material collectors,53-7081
814,travel agent,1,4.1,4830,Travel agents,41-3041
815,traveling salesman for a wholesale concern,4,3.5,4850,"Sales representatives, wholesale and manufacturing",41-4010 
816,tree surgeon,3,4.0,4250,Grounds maintenance workers,37-3010
817,truck dispatcher,4,3.7,5520,Dispatchers,43-5030
818,truck driver's helper,2,3.4,9620,"Laborers and freight, stock, and material movers, hand",53-7062
819,turpentine distiller,2,3.4,8640,"Chemical processing machine setters, operators, and tenders",51-9010
820,tv anchor,6,5.8,2810,"News analysts, reporters and correspondents",27-3020
821,tv announcer,1,5.2,2800,Announcers,27-3010
822,tv director,7,5.6,2710,Producers and directors,27-2012
823,tv repairman,2,4.0,7120,Electronic home entertainment equipment installers and repairers,49-2097
824,typesetter,5,3.9,8250,Prepress technicians and workers,51-5111
825,typist,5,3.8,5820,Word processors and typists,43-9022
826,union organizer,9,4.6,0630,Human resources workers,13-1070 
827,unskilled worker in a factory,7,2.8,,,
828,upholsterer,11,3.8,8450,Upholsterers,51-6093
829,urban planner,4,5.5,1840,Urban and regional planners,19-3051 
830,used car salesman,6,3.5,4760,Retail salespersons,41-2031
831,vending machine coin collector,9,3.1,7510,"Coin, vending, and amusement machine servicers and repairers",49-9091
832,veneer glue spreader,3,3.1,8850,Adhesive bonding machine operators and tenders,51-9191
833,veterinarian,8,6.4,3250,Veterinarians,29-1131
834,veterinarian assistant,1,4.5,3648,Veterinary assistants and laboratory animal caretakers,31-9096
835,video game repairer in arcade,3,3.4,7510,"Coin, vending, and amusement machine servicers and repairers",49-9091
836,waiter in a restaurant,5,3.6,4110,Waiters and waitresses,35-3031
837,waitress in a restaurant,6,3.6,4110,Waiters and waitresses,35-3031
838,warehouse hand,11,3.2,9620,"Laborers and freight, stock, and material movers, hand",53-7062
839,watch assembler,7,3.8,7430,Precision instrument and equipment repairers,49-9060
840,watch-crystal grinder,12,3.6,8000,"Grinding, lapping, polishing, and buffing machine tool setters, operators, and tenders, metal and plastic",51-4033
841,water well driller,1,4.4,6820,"Earth drillers, except oil and gas",47-5021
842,water well drilling roughneck,12,4.1,6820,"Earth drillers, except oil and gas",47-5021
843,water-pollution specialist,9,5.5,1740,Environmental scientists and geoscientists,19-2040 
844,web designer,8,5.4,1030,Web developers,15-1134
845,weight station operator,9,3.9,5630,"Weighers, measurers, checkers, and samplers, recordkeeping",43-5111 
846,welder,0,4.2,8140,"Welding, soldering, and brazing workers",51-4120
847,wildlife officer,6,5.0,3830,Fish and game wardens,33-3031
848,wildlife technician,12,4.8,1910,Biological technicians,19-4021
849,wind turbine mechanic,2,4.9,7440,Wind turbine service technicians,49-9081
850,window display artist,2,4.0,2630,Designers,27-1020 
851,window glass installer,7,3.8,6360,Glaziers,47-2121
852,windshield installer,8,3.1,7160,Automotive glass installers and repairers,49-3022 
853,wire pulling machine operator,12,4.0,7920,"Extruding and drawing machine setters, operators, and tenders, metal and plastic",51-4021
854,wood carver,8,3.9,8550,"Woodworkers, all other",51-7099
855,wood lathe operator,7,4.1,8540,"Woodworking machine setters, operators, and tenders, except sawing",51-7042
856,wood miller,6,4.0,8530,"Sawing machine setters, operators, and tenders, wood",51-7041
857,wood technologist,9,4.4,1760,"Physical scientists, all other",19-2099 
858,wood-model maker,5,4.1,8520,"Model makers and patternmakers, wood",51-7030
859,word processor,6,4.2,5820,Word processors and typists,43-9022
860,writer of technical manuals,9,5.4,2840,Technical writers,27-3042
861,x-ray technician,3,5.7,3320,Diagnostic related technologists and technicians,29-2030 
862,yarn spinner in a textile mill,8,3.0,8420,"Textile winding, twisting, and drawing out machine setters, operators, and tenders",51-6064
863,yeast maker,10,3.8,7855,"Food processing workers, all other",51-3099
